item,section,text,location,note
1,Title,Identify the report as a systematic review.,Title,"Titled as a systematic literature audit of the CLAD literature; the design is a meta-research reporting audit, not a review of intervention effects."
2,Abstract,See the PRISMA 2020 for Abstracts checklist.,Abstract,Structured abstract.
3,Introduction,Describe the rationale for the review in the context of existing knowledge.,Introduction,
4,Introduction,Provide an explicit statement of the objective(s) or question(s) the review addresses.,Introduction (final paragraph),Three questions stated explicitly.
5,Methods,Specify the inclusion and exclusion criteria for the review and how studies were grouped for the syntheses.,"Methods, Eligibility; Supplement S2",Eligibility keys on study structure. Confirmed exclusions are recorded per identifier with a reason and available with the study data.
6,Methods,"Specify all databases, registers, websites, organisations, reference lists and other sources searched or consulted to identify studies. Specify the date when each source was last searched or consulted.","Methods, Design and search; Supplement S1",Single source (PubMed via E-utilities); query frozen 5 August 2026.
7,Methods,"Present the full search strategies for all databases, registers and websites, including any filters and limits used.",Supplement S1,Query reproduced verbatim from the pipeline source at render time.
8,Methods,"Specify the methods used to decide whether a study met the inclusion criteria of the review, including how many reviewers screened each record and each report retrieved, whether they worked independently, and if applicable, details of automation tools used in the process.","Methods, Eligibility and Extraction; Supplement S2, S3, S7","Screening was automated: a title/abstract classifier over all screened records, then a full-text pass. No dual human screening. Both automated steps were validated against a blinded expert reference standard (S7)."
9,Methods,"Specify the methods used to collect data from reports, including how many reviewers collected data from each report, whether they worked independently, any processes for obtaining or confirming data from study investigators, and if applicable, details of automation tools used in the process.","Methods, Extraction; Supplement S3, S4, S7",Single-pass language-model extraction under an evidence-grounded protocol; prompts verbatim in S4. No contact with study investigators. Validated against an expert reference standard on a blinded subset.
10a,Methods,"List and define all outcomes for which data were sought. Specify whether all results that were compatible with each outcome domain in each study were sought (e.g. for all measures, time points, analyses), and if not, the methods used to decide which results to collect.","Methods, Covariate panel and Analysis; Supplement S6","The outcome is reporting completeness per covariate, scored 0/1/2 against pre-specified anchors (S6)."
10b,Methods,"List and define all other variables for which data were sought (e.g. participant and intervention characteristics, funding sources). Describe any assumptions made about any missing or unclear information.","Methods, Analysis; Supplement S5, S6",Study-level covariates listed in Methods. Assumptions are resolved conservatively: an unquoted value falls back to the null (S5).
11,Methods,"Specify the methods used to assess risk of bias in the included studies, including details of the tool(s) used, how many reviewers assessed each study and whether they worked independently, and if applicable, details of automation tools used in the process.",Not applicable,"No risk-of-bias appraisal of included studies. The audit measures what studies report, not whether their estimates are correct; appraising them would be a different study."
12,Methods,"Specify for each outcome the effect measure(s) (e.g. risk ratio, mean difference) used in the synthesis or presentation of results.","Methods, Analysis",Completeness is a proportion; predictors are adjusted odds ratios from a mixed-effects logistic model at the study-determinant level.
13a,Methods,Describe the processes used to decide which studies were eligible for each synthesis.,"Methods, Eligibility and Analysis",Per-item denominators vary: conditional items are scored only where the triggering population is present.
13b,Methods,"Describe any methods required to prepare the data for presentation or synthesis, such as handling of missing summary statistics, or data conversions.","Methods, Extraction; Supplement S3",Composite quantities are computed in code from the item scores.
13c,Methods,Describe any methods used to tabulate or visually display results of individual studies and syntheses.,"Methods, Analysis",
13d,Methods,"Describe any methods used to synthesise results and provide a rationale for the choice(s). If meta-analysis was performed, describe the model(s), method(s) to identify the presence and extent of statistical heterogeneity, and software package(s) used.","Methods, Analysis","No meta-analysis: effect estimates are not pooled. Predictors are modelled at the study-determinant level by mixed-effects logistic regression, with the rationale given; covariate-by-determinant heterogeneity is tested and reported."
13e,Methods,Describe any methods used to explore possible causes of heterogeneity among study results.,"Methods, Analysis","Study-level predictors of completeness (calendar time, design, centre status, size, interventional design, outcome role, funding)."
13f,Methods,Describe any sensitivity analyses conducted to assess robustness of the synthesised results.,"Methods, Analysis; Results, Sensitivity analyses","Eligibility definition, composition of the minimum set (leave-one-out and a de novo DSA substitution), author-group clustering, source format, retrieval representativeness."
14,Methods,Describe any methods used to assess risk of bias due to missing results in a synthesis (arising from reporting biases).,"Results, Sensitivity analyses",Addressed as selective reporting: whether completeness predicts reporting a significant exposure-to-CLAD effect. Exploratory.
15,Methods,Describe any methods used to assess certainty (or confidence) in the body of evidence for an outcome.,Not applicable,No certainty rating. GRADE assesses confidence in an effect estimate; this review estimates no effect.
16a,Results,"Describe the results of the search and selection process, from the number of records identified in the search to the number of studies included in the review, ideally using a flow diagram.","Results, Corpus; Figure 1",
16b,Results,"Cite studies that might appear to meet the inclusion criteria, but which were excluded, and explain why they were excluded.",Figure 1; Supplement S2,"Full-text exclusions are given as a single count with their reasons listed; per-reason counts are not broken out except for the studies excluded as not lung transplant recipients, which are recorded per identifier with a reason."
17,Results,Cite each included study and present its characteristics.,Table 1,"Cohort characteristics by study design. Individual studies are not cited: {n_ana} studies are the unit of measurement, not of evidence."
18,Results,Present assessments of risk of bias for each included study.,Not applicable,See item 11.
19,Results,"For all outcomes, present, for each study: (a) summary statistics for each group (where appropriate) and (b) an effect estimate and its precision, ideally using structured tables or plots.",Not applicable,"No per-study effect estimates are extracted or presented; the outcome is measured on the study, not reported by it."
20a,Results,"For each synthesis, briefly summarise the characteristics and risk of bias among contributing studies.","Results, Corpus; Table 1",
20b,Results,Present results of all statistical syntheses conducted.,Results; Figures 2-5; Table 2; Supplementary tables,
20c,Results,Present results of all investigations of possible causes of heterogeneity among study results.,"Results, Predictors of reporting completeness; Figure 3",
20d,Results,Present results of all sensitivity analyses conducted to assess the robustness of the synthesised results.,"Results, Sensitivity analyses; Supplement",
21,Results,Present assessments of risk of bias due to missing results (arising from reporting biases) for each synthesis assessed.,"Results, Sensitivity analyses",See item 14.
22,Results,Present assessments of certainty (or confidence) in the body of evidence for each outcome assessed.,Not applicable,See item 15.
23a,Discussion,Provide a general interpretation of the results in the context of other evidence.,Discussion,
23b,Discussion,Discuss any limitations of the evidence included in the review.,"Discussion, Limitations",
23c,Discussion,Discuss any limitations of the review processes used.,"Discussion, Limitations","Single-pass extraction; single expert coder, so no inter-rater ceiling; reporting is assessed from the published article."
23d,Discussion,"Discuss implications of the results for practice, policy, and future research.",Discussion,Proposes a minimum immunological reporting set.
24a,Other,"Provide registration information for the review, including register name and registration number, or state that the review was not registered.","Methods, Design and search",The review was not registered. PROSPERO registers reviews of health outcomes and does not cover a reporting-completeness audit.
24b,Other,"Indicate where the review protocol can be accessed, or state that a protocol was not prepared.",Methods; Supplement S6,"No registered protocol. The instrument was locked before extraction: the covariate panel and its scoring anchors are reproduced in S6, and their pre-extraction version history is in the project repository."
24c,Other,Describe and explain any amendments to information provided at registration or in the protocol.,"Methods, Minimum immunological set","One amendment: an eligibility criterion excluding studies whose analysed population contains no lung transplant recipients was added after validation coding surfaced the omission; the records it excluded are listed by identifier. The minimum immunological set contains determinants of CLAD; the CLAD definition is an outcome-ascertainment item and is scored and reported as one, which is a scoping decision rather than an amendment."
25,Other,"Describe sources of financial or non-financial support for the review, and the role of the funders or sponsors in the review.",Title page,Generated from publication/manuscript/authors.yml; OUTSTANDING until that field is filled.
26,Other,Declare any competing interests of review authors.,Title page,Generated from publication/manuscript/authors.yml; OUTSTANDING until that field is filled.
27,Other,Report which of the following are publicly available and where they can be found: template data collection forms; data extracted from included studies; data used for all analyses; analytic code; any other materials used in the review.,Title page,"Generated from publication/manuscript/authors.yml; OUTSTANDING until filled. Extraction prompts are in S4, scoring anchors in S6."
